query,barcode,nuc:T17040C,spike:Y145H,spike:A222V
Flatland/B.1.1.7/2021,---,-,-,-
Flatland/B.1.351/2021,---,-,-,-
Flatland/P.1/2021,---,-,-,-
Flatland/P.1_again/2021,---,-,-,-
Flatland/B.1.617.1/2021,---,-,-,-
Flatland/B.1.617.2/2021,---,-,-,-
Flatland/B.1.617.2_K417N/2021,--V,-,-,V
Flatland/AY.4/2021,C--,C,-,-
Flatland/AY.4.2/2021,CHV,C,H,V
Flatland/B.1.427/2021,---,-,-,-
Flatland/B.1.429/2021,---,-,-,-
Flatland/B.1.526/2021,---,-,-,-
Flatland/P.3/2021,--X,-,-,X
Flatland/B.1.525/2020,---,-,-,-
Flatland/P.2/2021,---,-,-,-
Flatland/C.37/2021,---,-,-,-
Flatland/BA.1/2022,-X-,-,X,-
Flatland/BA.2/2022,---,-,-,-
Flatland/BA.3/2022,-X-,-,X,-
Flatland/XE/2022,---,-,-,-
